"","symbol","date","open","high","low","close","volume","adjusted"
"1","GC=F",2020-01-02,1518.099976,1528.699951,1518,1524.5,214,1524.5
"2","GC=F",2020-01-03,1530.099976,1552.699951,1530.099976,1549.199951,107,1549.199951
"3","GC=F",2020-01-06,1580,1580,1560.400024,1566.199951,416,1566.199951
"4","GC=F",2020-01-07,1558.300049,1576.300049,1558.300049,1571.800049,47,1571.800049
"5","GC=F",2020-01-08,1579.699951,1604.199951,1552.300049,1557.400024,236,1557.400024
"6","GC=F",2020-01-09,1555.699951,1555.699951,1543.300049,1551.699951,54,1551.699951
"7","GC=F",2020-01-10,1551.199951,1558.800049,1545.400024,1557.5,16,1557.5
"8","GC=F",2020-01-13,1557.400024,1558,1548.400024,1548.400024,48,1548.400024
"9","GC=F",2020-01-14,1546.699951,1546.699951,1534.900024,1542.400024,32,1542.400024
"10","GC=F",2020-01-15,1548,1553.900024,1545.599976,1552.099976,11,1552.099976
"11","GC=F",2020-01-16,1555.699951,1556.099976,1548.5,1549,98,1549
"12","GC=F",2020-01-17,1554.099976,1558.800049,1553.599976,1558.800049,108,1558.800049
"13","GC=F",2020-01-21,1559.300049,1566.199951,1551,1556.400024,45,1556.400024
"14","GC=F",2020-01-22,1549.800049,1557.099976,1549.800049,1555.300049,42,1555.300049
"15","GC=F",2020-01-23,1553.099976,1564.599976,1552.199951,1564.599976,15,1564.599976
"16","GC=F",2020-01-24,1556.300049,1571.099976,1556.300049,1571.099976,43,1571.099976
"17","GC=F",2020-01-27,1584.300049,1584.5,1576.800049,1576.800049,22,1576.800049
"18","GC=F",2020-01-28,1576.400024,1576.400024,1569.199951,1569.199951,3,1569.199951
"19","GC=F",2020-01-29,1569.800049,1569.800049,1569.800049,1569.800049,251274,1569.800049
"20","GC=F",2020-01-30,1576.800049,1585,1571.400024,1583.5,62336,1583.5
"21","GC=F",2020-01-31,1573.400024,1589,1570,1582.900024,1095,1582.900024
"22","GC=F",2020-02-03,1592.900024,1593.300049,1568.199951,1577.199951,1062,1577.199951
"23","GC=F",2020-02-04,1577.699951,1577.699951,1547.800049,1550.400024,978,1550.400024
"24","GC=F",2020-02-05,1553.199951,1560.699951,1547.699951,1557.800049,1305,1557.800049
"25","GC=F",2020-02-06,1553.599976,1565.599976,1551.599976,1565.099976,110,1565.099976
"26","GC=F",2020-02-07,1564.900024,1571.900024,1560.5,1568.599976,431,1568.599976
"27","GC=F",2020-02-10,1569.300049,1574.699951,1568.599976,1574.699951,128,1574.699951
"28","GC=F",2020-02-11,1570.900024,1571.099976,1561.900024,1565.599976,440,1565.599976
"29","GC=F",2020-02-12,1565.199951,1568.699951,1561,1567.400024,36,1567.400024
"30","GC=F",2020-02-13,1570.199951,1575.099976,1570.199951,1575.099976,74,1575.099976
"31","GC=F",2020-02-14,1575.800049,1582.699951,1574.800049,1582.699951,68,1582.699951
"32","GC=F",2020-02-18,1579.800049,1604.300049,1579.800049,1600,310,1600
"33","GC=F",2020-02-19,1600.599976,1610.5,1599.699951,1607.5,542,1607.5
"34","GC=F",2020-02-20,1606.5,1621,1603,1616.599976,117,1616.599976
"35","GC=F",2020-02-21,1619.300049,1645,1619.300049,1644.599976,186,1644.599976
"36","GC=F",2020-02-24,1657,1686.599976,1650,1672.400024,435,1672.400024
"37","GC=F",2020-02-25,1645.099976,1653.699951,1632.300049,1646.900024,409,1646.900024
"38","GC=F",2020-02-26,1644,1648.099976,1636.400024,1640,1990,1640
"39","GC=F",2020-02-27,1641.099976,1658,1638.5,1640,707,1640
"40","GC=F",2020-02-28,1640.300049,1642.5,1564.099976,1564.099976,289,1564.099976
"41","GC=F",2020-03-02,1583.900024,1608.300049,1574.300049,1592.300049,537,1592.300049
"42","GC=F",2020-03-03,1594.5,1645.300049,1594,1642.099976,610,1642.099976
"43","GC=F",2020-03-04,1645.400024,1645.900024,1631.300049,1641.099976,83,1641.099976
"44","GC=F",2020-03-05,1637.300049,1672.900024,1637.199951,1666.400024,154,1666.400024
"45","GC=F",2020-03-06,1670.800049,1686.199951,1647.199951,1670.800049,175,1670.800049
"46","GC=F",2020-03-09,1696.099976,1701.599976,1657.699951,1674.5,161,1674.5
"47","GC=F",2020-03-10,1671.599976,1674.599976,1643,1659.099976,48,1659.099976
"48","GC=F",2020-03-11,1656.599976,1666.5,1635,1641.400024,47,1641.400024
"49","GC=F",2020-03-12,1637,1647.5,1566.400024,1589.300049,256,1589.300049
"50","GC=F",2020-03-13,1574.900024,1589.800049,1513.800049,1515.699951,89,1515.699951
"51","GC=F",2020-03-16,1569.099976,1569.099976,1452.099976,1485.900024,193,1485.900024
"52","GC=F",2020-03-17,1469.300049,1537.699951,1469.300049,1524.900024,122,1524.900024
"53","GC=F",2020-03-18,1537.5,1542,1477.300049,1477.300049,333,1477.300049
"54","GC=F",2020-03-19,1481.5,1491.599976,1471,1478.599976,262,1478.599976
"55","GC=F",2020-03-20,1483.5,1484,1483.5,1484,14,1484
"56","GC=F",2020-03-23,1505.300049,1567,1490.199951,1567,51,1567
"57","GC=F",2020-03-24,1592.699951,1685.5,1592.699951,1660.199951,442,1660.199951
"58","GC=F",2020-03-25,1676.5,1676.5,1631.099976,1632.300049,476,1632.300049
"59","GC=F",2020-03-26,1660.5,1660.5,1650.099976,1650.099976,3,1650.099976
"60","GC=F",2020-03-27,1623.900024,1623.900024,1623.900024,1623.900024,100638,1623.900024
"61","GC=F",2020-03-30,1641.199951,1652.800049,1607.199951,1622,16389,1622
"62","GC=F",2020-03-31,1618.699951,1621,1576,1583.400024,2874,1583.400024
"63","GC=F",2020-04-01,1570,1600,1570,1578.199951,2158,1578.199951
"64","GC=F",2020-04-02,1590.900024,1631.199951,1586,1625.699951,1294,1625.699951
"65","GC=F",2020-04-03,1624.5,1636,1619.800049,1633.699951,643,1633.699951
"66","GC=F",2020-04-06,1629.099976,1696.699951,1625.900024,1677,1063,1677
"67","GC=F",2020-04-07,1695.699951,1724.400024,1658,1664.800049,1144,1664.800049
"68","GC=F",2020-04-08,1669.699951,1677,1662.5,1665.400024,747,1665.400024
"69","GC=F",2020-04-09,1662.699951,1736.199951,1662.699951,1736.199951,825,1736.199951
"70","GC=F",2020-04-13,1722,1756.800049,1710.699951,1744.800049,696,1744.800049
"71","GC=F",2020-04-14,1756.800049,1775,1739.5,1756.699951,675,1756.699951
"72","GC=F",2020-04-15,1739.400024,1744.900024,1722.699951,1727.199951,642,1727.199951
"73","GC=F",2020-04-16,1731,1750.599976,1715,1720.400024,162,1720.400024
"74","GC=F",2020-04-17,1715.699951,1725,1684.900024,1689.199951,223,1689.199951
"75","GC=F",2020-04-20,1686,1701.599976,1680,1701.599976,106,1701.599976
"76","GC=F",2020-04-21,1697,1707.099976,1659.900024,1678.199951,666,1678.199951
"77","GC=F",2020-04-22,1696,1728.699951,1684.800049,1728.699951,453,1728.699951
"78","GC=F",2020-04-23,1734,1745.099976,1733.300049,1733.300049,482,1733.300049
"79","GC=F",2020-04-24,1744,1744,1714.5,1723.5,221,1723.5
"80","GC=F",2020-04-27,1731.900024,1731.900024,1711.900024,1711.900024,169,1711.900024
"81","GC=F",2020-04-28,1716.599976,1716.599976,1707.099976,1710.5,1255,1710.5
"82","GC=F",2020-04-29,1710,1713.5,1702,1703.400024,373,1703.400024
"83","GC=F",2020-04-30,1719.300049,1719.300049,1680.800049,1684.199951,327,1684.199951
"84","GC=F",2020-05-01,1686.599976,1701.5,1670.5,1694.5,337,1694.5
"85","GC=F",2020-05-04,1702.599976,1709,1699.599976,1706.900024,320,1706.900024
"86","GC=F",2020-05-05,1701.5,1704.400024,1697.199951,1704.400024,82,1704.400024
"87","GC=F",2020-05-06,1704,1704,1684.199951,1684.199951,469,1684.199951
"88","GC=F",2020-05-07,1686.199951,1721.800049,1685.599976,1721.800049,853,1721.800049
"89","GC=F",2020-05-08,1726.199951,1728.900024,1703.800049,1709.900024,330,1709.900024
"90","GC=F",2020-05-11,1702.300049,1704.5,1690.199951,1695.300049,749,1695.300049
"91","GC=F",2020-05-12,1699.300049,1713.099976,1699.300049,1704.400024,324,1704.400024
"92","GC=F",2020-05-13,1702,1721.300049,1701.900024,1713.900024,431,1713.900024
"93","GC=F",2020-05-14,1724.300049,1743.099976,1720.5,1738.099976,672,1738.099976
"94","GC=F",2020-05-15,1739.699951,1753.400024,1739.699951,1753.400024,719,1753.400024
"95","GC=F",2020-05-18,1755.699951,1770.5,1731.800049,1731.800049,229,1731.800049
"96","GC=F",2020-05-19,1744.199951,1749.5,1744.199951,1744.199951,167,1744.199951
"97","GC=F",2020-05-20,1751.599976,1752.099976,1745.599976,1750.599976,16,1750.599976
"98","GC=F",2020-05-21,1746.800049,1746.800049,1720.5,1720.5,528,1720.5
"99","GC=F",2020-05-22,1726.599976,1734.599976,1726.599976,1734.599976,6,1734.599976
"100","GC=F",2020-05-26,1726.400024,1726.400024,1704.800049,1704.800049,39,1704.800049
"101","GC=F",2020-05-27,1685.599976,1710.300049,1685.599976,1710.300049,137416,1710.300049
"102","GC=F",2020-05-28,1709.300049,1727.800049,1705,1713.300049,23355,1713.300049
"103","GC=F",2020-05-29,1718.800049,1738.300049,1715.099976,1736.900024,1526,1736.900024
"104","GC=F",2020-06-01,1740.400024,1747,1727.099976,1737.800049,871,1737.800049
"105","GC=F",2020-06-02,1743,1745.5,1721.800049,1725.199951,741,1725.199951
"106","GC=F",2020-06-03,1726.300049,1726.300049,1684.5,1697.800049,2755,1697.800049
"107","GC=F",2020-06-04,1694.5,1718.900024,1694.5,1718.900024,807,1718.900024
"108","GC=F",2020-06-05,1711.800049,1711.800049,1668.599976,1676.199951,1502,1676.199951
"109","GC=F",2020-06-08,1679.099976,1699.400024,1675.900024,1698.300049,587,1698.300049
"110","GC=F",2020-06-09,1694.599976,1720.900024,1692,1714.699951,690,1714.699951
"111","GC=F",2020-06-10,1716.099976,1740.800049,1711.900024,1713.300049,718,1713.300049
"112","GC=F",2020-06-11,1737.199951,1744.099976,1720,1732,347,1732
"113","GC=F",2020-06-12,1724.900024,1743,1724.900024,1729.300049,318,1729.300049
"114","GC=F",2020-06-15,1730,1730,1703.300049,1720.300049,188,1720.300049
"115","GC=F",2020-06-16,1726.300049,1729.599976,1722.400024,1729.599976,22,1729.599976
"116","GC=F",2020-06-17,1714.699951,1729.199951,1714.699951,1729.199951,51,1729.199951
"117","GC=F",2020-06-18,1730.5,1734.099976,1717.300049,1724.800049,110,1724.800049
"118","GC=F",2020-06-19,1723.699951,1750.699951,1723.5,1745.900024,1329,1745.900024
"119","GC=F",2020-06-22,1755.199951,1767.599976,1750.5,1756.699951,1356,1756.699951
"120","GC=F",2020-06-23,1755.400024,1776.300049,1754.199951,1772.099976,666,1772.099976
"121","GC=F",2020-06-24,1778.300049,1783.099976,1764.5,1765.800049,961,1765.800049
"122","GC=F",2020-06-25,1761.699951,1764.800049,1759.800049,1762.099976,207,1762.099976
"123","GC=F",2020-06-26,1766,1772.5,1764.699951,1772.5,640,1772.5
"124","GC=F",2020-06-29,1779.800049,1780.199951,1774.300049,1774.800049,584,1774.800049
"125","GC=F",2020-06-30,1777.300049,1793.199951,1774.400024,1793,986,1793
"126","GC=F",2020-07-01,1793.599976,1798,1765.800049,1773.199951,331,1773.199951
"127","GC=F",2020-07-02,1773.400024,1784,1768.699951,1784,215,1784
"128","GC=F",2020-07-06,1788.199951,1790.099976,1788.199951,1788.5,172,1788.5
"129","GC=F",2020-07-07,1789.300049,1804.199951,1783.300049,1804.199951,751,1804.199951
"130","GC=F",2020-07-08,1801.5,1817.900024,1801.5,1815.5,209,1815.5
"131","GC=F",2020-07-09,1816.099976,1819.800049,1799.199951,1799.199951,396,1799.199951
"132","GC=F",2020-07-10,1805.5,1805.5,1797.699951,1798.199951,236,1798.199951
"133","GC=F",2020-07-13,1805,1811,1805,1811,164,1811
"134","GC=F",2020-07-14,1791,1811.5,1791,1810.599976,339,1810.599976
"135","GC=F",2020-07-15,1806.099976,1813.5,1806.099976,1811.400024,167,1811.400024
"136","GC=F",2020-07-16,1810.900024,1810.900024,1794.300049,1798.699951,146,1798.699951
"137","GC=F",2020-07-17,1798.5,1810.099976,1798.5,1808.300049,24,1808.300049
"138","GC=F",2020-07-20,1807,1817.300049,1807,1815.900024,89,1815.900024
"139","GC=F",2020-07-21,1822,1842.400024,1822,1842.400024,117,1842.400024
"140","GC=F",2020-07-22,1858.099976,1867,1854.699951,1864.099976,213,1864.099976
"141","GC=F",2020-07-23,1868.699951,1890.300049,1868.5,1889.099976,133,1889.099976
"142","GC=F",2020-07-24,1884.300049,1897.300049,1884.300049,1897.300049,474,1897.300049
"143","GC=F",2020-07-27,1901.699951,1938,1901.5,1931,364,1931
"144","GC=F",2020-07-28,1931.5,1944.699951,1928.599976,1944.699951,825,1944.699951
"145","GC=F",2020-07-29,1953.199951,1953.5,1952.599976,1953.5,209835,1953.5
"146","GC=F",2020-07-30,1963.400024,1965.099976,1930,1942.300049,28853,1942.300049
"147","GC=F",2020-07-31,1948.599976,1981.099976,1948,1962.800049,2914,1962.800049
"148","GC=F",2020-08-03,1984.300049,1984.300049,1955.5,1966,683,1966
"149","GC=F",2020-08-04,1971,2016.199951,1968.800049,2001.199951,2010,2001.199951
"150","GC=F",2020-08-05,2024,2050.199951,2011,2031.099976,1422,2031.099976
"151","GC=F",2020-08-06,2045.5,2063,2040,2051.5,294,2051.5
"152","GC=F",2020-08-07,2040.099976,2055,2009.599976,2010.099976,808,2010.099976
"153","GC=F",2020-08-10,2026.400024,2043.800049,2017.5,2024.400024,233,2024.400024
"154","GC=F",2020-08-11,2012.400024,2016,1904,1932.599976,971,1932.599976
"155","GC=F",2020-08-12,1923,1946.599976,1871.599976,1934.900024,404,1934.900024
"156","GC=F",2020-08-13,1921.5,1957.400024,1916.900024,1956.699951,71,1956.699951
"157","GC=F",2020-08-14,1938.699951,1947.400024,1937,1937,201,1937
"158","GC=F",2020-08-17,1949.599976,1985,1949.599976,1985,97,1985
"159","GC=F",2020-08-18,2001.099976,2002.800049,1972.099976,1999.400024,92,1999.400024
"160","GC=F",2020-08-19,1980,1980,1938.699951,1958.699951,347,1958.699951
"161","GC=F",2020-08-20,1941.199951,1948.300049,1922.300049,1933.800049,106,1933.800049
"162","GC=F",2020-08-21,1941,1945,1908.900024,1934.599976,184,1934.599976
"163","GC=F",2020-08-24,1930.199951,1940,1922.199951,1927.699951,85,1927.699951
"164","GC=F",2020-08-25,1927.5,1928.5,1911.800049,1911.800049,176,1911.800049
"165","GC=F",2020-08-26,1909.699951,1950.800049,1909.699951,1940.699951,287,1940.699951
"166","GC=F",2020-08-27,1948.900024,1972.5,1921.599976,1921.599976,2303,1921.599976
"167","GC=F",2020-08-28,1927.099976,1971.300049,1922.5,1964.599976,778,1964.599976
"168","GC=F",2020-08-31,1970,1971.300049,1953.300049,1967.599976,158,1967.599976
"169","GC=F",2020-09-01,1961.699951,1986.300049,1961.699951,1968.199951,186,1968.199951
"170","GC=F",2020-09-02,1967.300049,1967.300049,1934.400024,1934.400024,71,1934.400024
"171","GC=F",2020-09-03,1937.099976,1938.800049,1923,1927.599976,179,1927.599976
"172","GC=F",2020-09-04,1927.900024,1939.699951,1917.699951,1923.900024,607,1923.900024
"173","GC=F",2020-09-08,1930.900024,1937.900024,1903.099976,1933,271,1933
"174","GC=F",2020-09-09,1926.900024,1946.199951,1924.599976,1944.699951,219,1944.699951
"175","GC=F",2020-09-10,1944.099976,1962.699951,1944.099976,1954.199951,722,1954.199951
"176","GC=F",2020-09-11,1944,1949.5,1937.800049,1937.800049,73,1937.800049
"177","GC=F",2020-09-14,1946.300049,1953.099976,1943,1953.099976,55,1953.099976
"178","GC=F",2020-09-15,1955.800049,1968.5,1955.800049,1956.300049,74,1956.300049
"179","GC=F",2020-09-16,1961.300049,1961.400024,1956.699951,1960.199951,124,1960.199951
"180","GC=F",2020-09-17,1939,1946,1933.699951,1940,67,1940
"181","GC=F",2020-09-18,1950.5,1952.099976,1949,1952.099976,38,1952.099976
"182","GC=F",2020-09-21,1946.199951,1946.199951,1883.400024,1901.199951,52,1901.199951
"183","GC=F",2020-09-22,1913.099976,1913.099976,1898.599976,1898.599976,331,1898.599976
"184","GC=F",2020-09-23,1875.5,1875.5,1859.900024,1859.900024,5,1859.900024
"185","GC=F",2020-09-24,1851.5,1868.300049,1851.5,1868.300049,365,1868.300049
"186","GC=F",2020-09-25,1856.300049,1857.699951,1856.300049,1857.699951,4,1857.699951
"187","GC=F",2020-09-28,1872.800049,1872.800049,1872.800049,1872.800049,10455,1872.800049
"188","GC=F",2020-09-29,1876.5,1895.400024,1872.400024,1894.300049,3283,1894.300049
"189","GC=F",2020-09-30,1893,1899.699951,1879.800049,1887.5,600,1887.5
"190","GC=F",2020-10-01,1884.099976,1909.599976,1882.5,1908.400024,730,1908.400024
"191","GC=F",2020-10-02,1893.900024,1913,1893.900024,1900.199951,530,1900.199951
"192","GC=F",2020-10-05,1898.900024,1915.599976,1884.699951,1912.5,1360,1912.5
"193","GC=F",2020-10-06,1906.599976,1918,1874.400024,1901.099976,968,1901.099976
"194","GC=F",2020-10-07,1874.099976,1889.800049,1873.099976,1883.599976,50,1883.599976
"195","GC=F",2020-10-08,1893,1893,1882.699951,1888.599976,348,1888.599976
"196","GC=F",2020-10-09,1909.300049,1929.099976,1905.099976,1919.5,580,1919.5
"197","GC=F",2020-10-12,1924,1926.5,1921.599976,1922.5,96,1922.5
"198","GC=F",2020-10-13,1921.900024,1922.199951,1887,1888.5,191,1888.5
"199","GC=F",2020-10-14,1889.699951,1910.800049,1882.5,1901.300049,33,1901.300049
"200","GC=F",2020-10-15,1897.300049,1906.300049,1889.599976,1903.199951,254,1903.199951
"201","GC=F",2020-10-16,1898.5,1900.800049,1898.5,1900.800049,53,1900.800049
"202","GC=F",2020-10-19,1907.300049,1907.800049,1899.5,1906.400024,43,1906.400024
"203","GC=F",2020-10-20,1901.300049,1910.400024,1896.099976,1910.400024,329,1910.400024
"204","GC=F",2020-10-21,1913.599976,1927.300049,1913.599976,1924.599976,1202,1924.599976
"205","GC=F",2020-10-22,1924.300049,1924.300049,1898.199951,1901.099976,899,1901.099976
"206","GC=F",2020-10-23,1899.900024,1913.300049,1896.199951,1902,287,1902
"207","GC=F",2020-10-26,1895.5,1907,1893.5,1902.699951,242,1902.699951
"208","GC=F",2020-10-27,1904.599976,1908.800049,1904.400024,1908.800049,176,1908.800049
"209","GC=F",2020-10-28,1870.900024,1876.199951,1870.900024,1876.199951,277,1876.199951
"210","GC=F",2020-10-29,1876.099976,1879.800049,1858.800049,1865.599976,240,1865.599976
"211","GC=F",2020-10-30,1862.800049,1886.599976,1862.800049,1877.400024,725,1877.400024
"212","GC=F",2020-11-02,1872.900024,1894.699951,1872.900024,1890.400024,190,1890.400024
"213","GC=F",2020-11-03,1891.5,1908.5,1891.5,1908.5,712,1908.5
"214","GC=F",2020-11-04,1893.800049,1907,1885.300049,1894.599976,782,1894.599976
"215","GC=F",2020-11-05,1901.699951,1948,1901.699951,1945.300049,135,1945.300049
"216","GC=F",2020-11-06,1940.800049,1958.800049,1940.800049,1950.300049,304,1950.300049
"217","GC=F",2020-11-09,1955.599976,1963.199951,1847.099976,1853.199951,745,1853.199951
"218","GC=F",2020-11-10,1879.300049,1885.300049,1871.199951,1875.400024,276,1875.400024
"219","GC=F",2020-11-11,1878.800049,1878.800049,1855.5,1860.699951,222,1860.699951
"220","GC=F",2020-11-12,1869,1878.5,1866.599976,1872.599976,220,1872.599976
"221","GC=F",2020-11-13,1877,1890.099976,1876.800049,1885.699951,240,1885.699951
"222","GC=F",2020-11-16,1874.599976,1887.300049,1871,1887.300049,6,1887.300049
"223","GC=F",2020-11-17,1888.400024,1888.400024,1884.5,1884.5,59,1884.5
"224","GC=F",2020-11-18,1873.5,1873.5,1873.5,1873.5,152,1873.5
"225","GC=F",2020-11-19,1865.800049,1865.800049,1856,1861.099976,59,1861.099976
"226","GC=F",2020-11-20,1871.199951,1872.599976,1871.199951,1872.599976,1900,1872.599976
"227","GC=F",2020-11-23,1834.800049,1837.800049,1829.199951,1837.800049,843,1837.800049
"228","GC=F",2020-11-24,1829.300049,1829.300049,1799.300049,1804.800049,1041,1804.800049
"229","GC=F",2020-11-25,1801.400024,1805.699951,1801.400024,1805.699951,205754,1805.699951
"230","GC=F",2020-11-27,1806.099976,1817,1770.699951,1781.900024,71804,1781.900024
"231","GC=F",2020-11-30,1785,1787.199951,1762.300049,1775.699951,3145,1775.699951
"232","GC=F",2020-12-01,1775,1815.900024,1774.900024,1814.099976,1859,1814.099976
"233","GC=F",2020-12-02,1811.300049,1830,1807.800049,1825.699951,771,1825.699951
"234","GC=F",2020-12-03,1829.199951,1842,1825.300049,1836.800049,1765,1836.800049
"235","GC=F",2020-12-04,1840.699951,1847.599976,1828.199951,1835.900024,1213,1835.900024
"236","GC=F",2020-12-07,1836.5,1866.900024,1820.800049,1861.800049,1427,1861.800049
"237","GC=F",2020-12-08,1863,1875.800049,1861.800049,1870.800049,121,1870.800049
"238","GC=F",2020-12-09,1867.099976,1867.099976,1827,1834.599976,215,1834.599976
"239","GC=F",2020-12-10,1833.199951,1849.099976,1828,1833.599976,177,1833.599976
"240","GC=F",2020-12-11,1838.5,1846,1829.099976,1839.800049,109,1839.800049
"241","GC=F",2020-12-14,1835.5,1835.699951,1822.699951,1828.699951,258,1828.699951
"242","GC=F",2020-12-15,1833.5,1853.599976,1833.199951,1852.300049,961,1852.300049
"243","GC=F",2020-12-16,1856.5,1864.699951,1850.5,1856.099976,1090,1856.099976
"244","GC=F",2020-12-17,1874.199951,1896.199951,1874.199951,1887.199951,414,1887.199951
"245","GC=F",2020-12-18,1882.400024,1889.5,1882.300049,1885.699951,276,1885.699951
"246","GC=F",2020-12-21,1884.800049,1908,1869.099976,1879.199951,136,1879.199951
"247","GC=F",2020-12-22,1882.199951,1882.199951,1861,1866.599976,233,1866.599976
"248","GC=F",2020-12-23,1867,1878.800049,1864.5,1874.699951,82,1874.699951
"249","GC=F",2020-12-24,1877.300049,1879.900024,1875.699951,1879.900024,46,1879.900024
"250","GC=F",2020-12-28,1895.5,1895.800049,1873.699951,1877.199951,75,1877.199951
"251","GC=F",2020-12-29,1881.300049,1881.300049,1879.699951,1879.699951,343,1879.699951
"252","GC=F",2020-12-30,1879.900024,1895.800049,1877.300049,1891,444,1891
"253","GC=F",2020-12-31,1897,1901.300049,1892.699951,1893.099976,127,1893.099976
"254","GC=F",2021-01-04,1912.199951,1945.099976,1912.199951,1944.699951,154,1944.699951
"255","GC=F",2021-01-05,1941.699951,1952.699951,1941.300049,1952.699951,113,1952.699951
"256","GC=F",2021-01-06,1952,1959.900024,1901.5,1906.900024,331,1906.900024
"257","GC=F",2021-01-07,1922.599976,1926.699951,1912,1912.300049,122,1912.300049
"258","GC=F",2021-01-08,1908,1908,1834.099976,1834.099976,60,1834.099976
"259","GC=F",2021-01-11,1826.5,1849.599976,1826.5,1849.599976,20,1849.599976
"260","GC=F",2021-01-12,1849,1859.699951,1839.400024,1842.900024,176,1842.900024
"261","GC=F",2021-01-13,1858,1858.599976,1853.599976,1853.599976,189,1853.599976
"262","GC=F",2021-01-14,1836.699951,1850.699951,1836.699951,1850.300049,149,1850.300049
"263","GC=F",2021-01-15,1829.400024,1829.400024,1825,1829.300049,31,1829.300049
"264","GC=F",2021-01-19,1802,1842.900024,1802,1839.5,13,1839.5
"265","GC=F",2021-01-20,1847.800049,1866.599976,1844.400024,1865.900024,16,1865.900024
"266","GC=F",2021-01-21,1865.300049,1868,1865.300049,1865.300049,6,1865.300049
"267","GC=F",2021-01-22,1854.900024,1855.699951,1852.699951,1855.699951,8,1855.699951
"268","GC=F",2021-01-25,1864.699951,1864.699951,1851.800049,1854.900024,26,1854.900024
"269","GC=F",2021-01-26,1855.800049,1855.800049,1850.699951,1850.699951,59,1850.699951
"270","GC=F",2021-01-27,1844.900024,1844.900024,1844.900024,1844.900024,195540,1844.900024
"271","GC=F",2021-01-28,1843.400024,1862.900024,1831.5,1837.900024,27283,1837.900024
"272","GC=F",2021-01-29,1842,1876,1838.699951,1847.300049,1634,1847.300049
"273","GC=F",2021-02-01,1866.599976,1871.900024,1850,1860.800049,1494,1860.800049
"274","GC=F",2021-02-02,1859.599976,1861.300049,1827.599976,1830.5,1293,1830.5
"275","GC=F",2021-02-03,1834.800049,1842.400024,1829.800049,1832.199951,1195,1832.199951
"276","GC=F",2021-02-04,1832.199951,1832.199951,1782.800049,1788.900024,2375,1788.900024
"277","GC=F",2021-02-05,1794.300049,1813.5,1790.900024,1810.900024,1278,1810.900024
"278","GC=F",2021-02-08,1816.300049,1836.699951,1809,1831.900024,254,1831.900024
"279","GC=F",2021-02-09,1841.900024,1843.300049,1830.699951,1835.300049,184,1835.300049
"280","GC=F",2021-02-10,1842.599976,1851.099976,1837,1840.599976,543,1840.599976
"281","GC=F",2021-02-11,1840.5,1845,1820.900024,1824.900024,602,1824.900024
"282","GC=F",2021-02-12,1825,1827.5,1809.199951,1821.599976,259,1821.599976
"283","GC=F",2021-02-16,1820.900024,1823.400024,1787.300049,1797.199951,1141,1797.199951
"284","GC=F",2021-02-17,1785.800049,1789.699951,1768.800049,1771.099976,614,1771.099976
"285","GC=F",2021-02-18,1776.099976,1784.599976,1766,1773.400024,587,1773.400024
"286","GC=F",2021-02-19,1764.300049,1787.599976,1764.300049,1775.800049,118,1775.800049
"287","GC=F",2021-02-22,1784,1807.800049,1784,1806.699951,165,1806.699951
"288","GC=F",2021-02-23,1809.599976,1811.300049,1796.400024,1804.400024,569,1804.400024
"289","GC=F",2021-02-24,1805.800049,1805.800049,1796.400024,1796.400024,1500,1796.400024
"290","GC=F",2021-02-25,1801.5,1802,1766.699951,1774.400024,1049,1774.400024
"291","GC=F",2021-02-26,1768.099976,1768.199951,1718.800049,1728.099976,1593,1728.099976
"292","GC=F",2021-03-01,1737.099976,1747,1720.300049,1722.5,407,1722.5
"293","GC=F",2021-03-02,1709.400024,1733.099976,1708.699951,1733.099976,867,1733.099976
"294","GC=F",2021-03-03,1730,1732.400024,1703.5,1715.300049,501,1715.300049
"295","GC=F",2021-03-04,1706.5,1717.400024,1700.199951,1700.199951,521,1700.199951
"296","GC=F",2021-03-05,1690.599976,1701,1685,1698,302,1698
"297","GC=F",2021-03-08,1704.699951,1705.400024,1673.699951,1677.699951,1290,1677.699951
"298","GC=F",2021-03-09,1686.199951,1717.5,1685.199951,1716.599976,335,1716.599976
"299","GC=F",2021-03-10,1713.599976,1722.900024,1711,1721.5,412,1721.5
"300","GC=F",2021-03-11,1725.599976,1737.5,1720.199951,1722.300049,18,1722.300049
"301","GC=F",2021-03-12,1715.900024,1722.5,1699,1719.5,80,1719.5
"302","GC=F",2021-03-15,1729.5,1731.900024,1722.800049,1728.900024,147,1728.900024
"303","GC=F",2021-03-16,1732.300049,1733.900024,1726,1730.599976,729,1730.599976
"304","GC=F",2021-03-17,1735.300049,1750.099976,1725.599976,1726.800049,488,1726.800049
"305","GC=F",2021-03-18,1745.800049,1750.300049,1721.800049,1732.199951,138,1732.199951
"306","GC=F",2021-03-19,1742.199951,1742.199951,1733.599976,1741.400024,13,1741.400024
"307","GC=F",2021-03-22,1737.800049,1737.800049,1737.800049,1737.800049,51,1737.800049
"308","GC=F",2021-03-23,1724.699951,1724.699951,1724.699951,1724.699951,6,1724.699951
"309","GC=F",2021-03-24,1727.5,1732.900024,1727.5,1732.900024,26,1732.900024
"310","GC=F",2021-03-25,1732.699951,1733.199951,1724.5,1724.900024,15,1724.900024
"311","GC=F",2021-03-26,1721.300049,1732.199951,1721.300049,1732.199951,33,1732.199951
"312","GC=F",2021-03-29,1712.099976,1712.099976,1712.099976,1712.099976,135457,1712.099976
"313","GC=F",2021-03-30,1711,1712.599976,1676.5,1683.900024,25316,1683.900024
"314","GC=F",2021-03-31,1683.699951,1713.800049,1676.5,1713.800049,762,1713.800049
"315","GC=F",2021-04-01,1706.800049,1728.800049,1706.400024,1726.5,720,1726.5
"316","GC=F",2021-04-05,1727.900024,1729.699951,1721.900024,1727,275,1727
"317","GC=F",2021-04-06,1726.900024,1744.800049,1726.900024,1741.5,890,1741.5
"318","GC=F",2021-04-07,1742.699951,1742.699951,1733.699951,1740.099976,557,1740.099976
"319","GC=F",2021-04-08,1736,1758,1734.599976,1756.800049,1298,1756.800049
"320","GC=F",2021-04-09,1750.800049,1750.800049,1733.300049,1743.300049,484,1743.300049
"321","GC=F",2021-04-12,1740.800049,1740.800049,1726.699951,1731.199951,40,1731.199951
"322","GC=F",2021-04-13,1733.800049,1746.900024,1722.099976,1746.199951,367,1746.199951
"323","GC=F",2021-04-14,1741.300049,1745.900024,1732.699951,1734.900024,1037,1734.900024
"324","GC=F",2021-04-15,1740.099976,1767.900024,1740.099976,1765.400024,368,1765.400024
"325","GC=F",2021-04-16,1770.400024,1779.5,1770.099976,1779,625,1779
"326","GC=F",2021-04-19,1782.099976,1788.5,1769.400024,1769.400024,144,1769.400024
"327","GC=F",2021-04-20,1769.300049,1777.300049,1765.5,1777.300049,1464,1777.300049
"328","GC=F",2021-04-21,1783,1794.099976,1777.699951,1792.300049,250,1792.300049
"329","GC=F",2021-04-22,1794.199951,1794.199951,1779.5,1781.199951,159,1781.199951
"330","GC=F",2021-04-23,1786.099976,1794.5,1772,1777,332,1777
"331","GC=F",2021-04-26,1778,1779.699951,1770.800049,1779.199951,549,1779.199951
"332","GC=F",2021-04-27,1780,1782,1777.699951,1778,117,1778
"333","GC=F",2021-04-28,1768.199951,1774,1764.599976,1773.199951,756,1773.199951
"334","GC=F",2021-04-29,1781,1789,1758.599976,1768.099976,196,1768.099976
"335","GC=F",2021-04-30,1771.800049,1771.800049,1763.900024,1767.300049,18,1767.300049
"336","GC=F",2021-05-03,1788.5,1793,1788.5,1791.400024,18,1791.400024
"337","GC=F",2021-05-04,1788.199951,1788.5,1774.800049,1775.800049,182,1775.800049
"338","GC=F",2021-05-05,1781.5,1784.099976,1779.199951,1784.099976,57,1784.099976
"339","GC=F",2021-05-06,1788.900024,1815.5,1787.599976,1815.5,13,1815.5
"340","GC=F",2021-05-07,1842.900024,1842.900024,1831.099976,1831.099976,2,1831.099976
"341","GC=F",2021-05-10,1835.599976,1845.599976,1835.400024,1837.5,13,1837.5
"342","GC=F",2021-05-11,1837.199951,1838.099976,1831.599976,1835.900024,420,1835.900024
"343","GC=F",2021-05-12,1825.199951,1825.199951,1821.699951,1822.599976,3,1822.599976
"344","GC=F",2021-05-13,1814.699951,1826.800049,1814.099976,1823.800049,100,1823.800049
"345","GC=F",2021-05-14,1824.5,1842.900024,1824.5,1837.900024,41,1837.900024
"346","GC=F",2021-05-17,1849.900024,1867.5,1847.199951,1867.5,13,1867.5
"347","GC=F",2021-05-18,1870.5,1870.5,1867.800049,1867.800049,3,1867.800049
"348","GC=F",2021-05-19,1866.400024,1884.900024,1863.599976,1881.300049,348,1881.300049
"349","GC=F",2021-05-20,1865.5,1885,1864.800049,1881.800049,85,1881.800049
"350","GC=F",2021-05-21,1872.099976,1876.699951,1872.099976,1876.699951,5,1876.699951
"351","GC=F",2021-05-24,1882.099976,1884.599976,1882.099976,1884.599976,39,1884.599976
"352","GC=F",2021-05-25,1882.5,1898.099976,1882.5,1898.099976,56,1898.099976
"353","GC=F",2021-05-26,1901.300049,1901.300049,1901.300049,1901.300049,170526,1901.300049
"354","GC=F",2021-05-27,1896.800049,1903.900024,1888.199951,1895.699951,35794,1895.699951
"355","GC=F",2021-05-28,1897.5,1905.400024,1881.900024,1902.5,2415,1902.5
"356","GC=F",2021-06-01,1905.099976,1916.199951,1892.800049,1902.900024,640,1902.900024
"357","GC=F",2021-06-02,1899.199951,1908.800049,1896,1907.5,1267,1907.5
"358","GC=F",2021-06-03,1908.800049,1908.800049,1865,1871.199951,1021,1871.199951
"359","GC=F",2021-06-04,1869.300049,1895.5,1854,1889.800049,367,1889.800049
"360","GC=F",2021-06-07,1890.5,1899.699951,1883.199951,1896.800049,87,1896.800049
"361","GC=F",2021-06-08,1896.5,1902.900024,1890,1892.199951,930,1892.199951
"362","GC=F",2021-06-09,1894.900024,1897.699951,1889.199951,1893.199951,148,1893.199951
"363","GC=F",2021-06-10,1887.699951,1899.800049,1871.5,1894.199951,186,1894.199951
"364","GC=F",2021-06-11,1900.900024,1902.300049,1875.199951,1877.400024,349,1877.400024
"365","GC=F",2021-06-14,1866.199951,1866.599976,1846.5,1864,41,1864
"366","GC=F",2021-06-15,1866.400024,1867.199951,1854.400024,1854.5,78,1854.5
"367","GC=F",2021-06-16,1859.400024,1860.099976,1809.199951,1859.5,117,1859.5
"368","GC=F",2021-06-17,1811.800049,1823.300049,1769.599976,1773.800049,1135,1773.800049
"369","GC=F",2021-06-18,1775.699951,1792.400024,1767.900024,1767.900024,354,1767.900024
"370","GC=F",2021-06-21,1768.800049,1785.199951,1766.800049,1781.800049,38,1781.800049
"371","GC=F",2021-06-22,1783.400024,1786.900024,1775.900024,1776.300049,101,1776.300049
"372","GC=F",2021-06-23,1780.699951,1793.199951,1780.599976,1782.300049,136,1782.300049
"373","GC=F",2021-06-24,1778.900024,1786.400024,1775.599976,1775.599976,78,1775.599976
"374","GC=F",2021-06-25,1777.699951,1788,1775.199951,1776.599976,35,1776.599976
"375","GC=F",2021-06-28,1779.599976,1779.599976,1779.599976,1779.599976,888,1779.599976
"376","GC=F",2021-06-29,1776.800049,1777.099976,1752.099976,1762.800049,419,1762.800049
"377","GC=F",2021-06-30,1761.099976,1770.800049,1759.199951,1770.800049,51,1770.800049
"378","GC=F",2021-07-01,1775.699951,1781.199951,1768.800049,1775.900024,44,1775.900024
"379","GC=F",2021-07-02,1778.699951,1787.900024,1778.300049,1782.599976,23,1782.599976
"380","GC=F",2021-07-06,1786.699951,1809.800049,1786.699951,1793.5,332,1793.5
"381","GC=F",2021-07-07,1798.699951,1808.400024,1797.199951,1801.5,244,1801.5
"382","GC=F",2021-07-08,1797,1818.5,1797,1799.599976,148,1799.599976
"383","GC=F",2021-07-09,1803.599976,1810.099976,1798.800049,1810,218,1810
"384","GC=F",2021-07-12,1802.599976,1805.5,1799.5,1805.5,147,1805.5
"385","GC=F",2021-07-13,1808.099976,1812,1800.599976,1809.400024,78,1809.400024
"386","GC=F",2021-07-14,1813.099976,1829,1813.099976,1824.300049,707,1824.300049
"387","GC=F",2021-07-15,1831.599976,1833,1823.400024,1828.400024,99,1828.400024
"388","GC=F",2021-07-16,1830.099976,1831.400024,1814.5,1814.5,78,1814.5
"389","GC=F",2021-07-19,1803.300049,1813.400024,1803.300049,1808.699951,33,1808.699951
"390","GC=F",2021-07-20,1812.900024,1824,1810.900024,1810.900024,128,1810.900024
"391","GC=F",2021-07-21,1807,1807,1800,1802.900024,135,1802.900024
"392","GC=F",2021-07-22,1793.599976,1805,1793.599976,1805,2,1805
"393","GC=F",2021-07-23,1800,1801.400024,1800,1801.400024,1,1801.400024
"394","GC=F",2021-07-26,1802.5,1802.5,1797.199951,1798.699951,17,1798.699951
"395","GC=F",2021-07-27,1803.699951,1803.699951,1799.5,1799.5,1,1799.5
"396","GC=F",2021-07-28,1799.5,1799.5,1799.5,1799.5,209783,1799.5
"397","GC=F",2021-07-29,1806.599976,1832.599976,1806.099976,1831.199951,30496,1831.199951
"398","GC=F",2021-07-30,1828,1830.5,1808.900024,1812.599976,3100,1812.599976
"399","GC=F",2021-08-02,1812.400024,1818.699951,1804.800049,1818.099976,1334,1818.099976
"400","GC=F",2021-08-03,1812.300049,1813.5,1806,1810.099976,3341,1810.099976
"401","GC=F",2021-08-04,1809.300049,1831.300049,1806.300049,1810.5,2860,1810.5
"402","GC=F",2021-08-05,1810.800049,1813.699951,1796,1805.099976,588,1805.099976
"403","GC=F",2021-08-06,1799.800049,1800.099976,1758.400024,1760,859,1760
"404","GC=F",2021-08-09,1753.5,1753.800049,1692.599976,1723.400024,1621,1723.400024
"405","GC=F",2021-08-10,1728.599976,1735.199951,1720.099976,1728.800049,1363,1728.800049
"406","GC=F",2021-08-11,1727.300049,1752.199951,1727.300049,1750.400024,542,1750.400024
"407","GC=F",2021-08-12,1749.699951,1752.400024,1745.5,1749,739,1749
"408","GC=F",2021-08-13,1758.300049,1777.300049,1757.400024,1775.199951,436,1775.199951
"409","GC=F",2021-08-16,1776.900024,1787.800049,1771.900024,1786.900024,219,1786.900024
"410","GC=F",2021-08-17,1787.699951,1794.199951,1780,1785,200,1785
"411","GC=F",2021-08-18,1787.800049,1791.5,1779,1781.599976,263,1781.599976
"412","GC=F",2021-08-19,1780,1789.300049,1775.5,1780.199951,245,1780.199951
"413","GC=F",2021-08-20,1784.099976,1787.5,1778.199951,1781,235,1781
"414","GC=F",2021-08-23,1776.800049,1804.800049,1776.800049,1803.199951,32,1803.199951
"415","GC=F",2021-08-24,1801,1805.599976,1801,1805.599976,22,1805.599976
"416","GC=F",2021-08-25,1792,1792.900024,1784,1788.199951,812,1788.199951
"417","GC=F",2021-08-26,1787.400024,1792.199951,1781,1792.199951,61,1792.199951
"418","GC=F",2021-08-27,1803.400024,1816.599976,1803.099976,1816.599976,1219,1816.599976
"419","GC=F",2021-08-30,1818.199951,1820.300049,1807.800049,1809,684,1809
"420","GC=F",2021-08-31,1815.900024,1815.900024,1801.099976,1815,82,1815
"421","GC=F",2021-09-01,1813.5,1815.900024,1809.5,1813.099976,114,1813.099976
"422","GC=F",2021-09-02,1813.199951,1813.900024,1806.800049,1808.699951,26,1808.699951
"423","GC=F",2021-09-03,1820.900024,1833.900024,1818.900024,1830.900024,53,1830.900024
"424","GC=F",2021-09-07,1825.699951,1825.699951,1792.699951,1795.900024,48,1795.900024
"425","GC=F",2021-09-08,1781.699951,1790.699951,1781.699951,1790.699951,69,1790.699951
"426","GC=F",2021-09-09,1798.699951,1798.699951,1787.900024,1797.400024,49,1797.400024
"427","GC=F",2021-09-10,1789.599976,1789.599976,1789.599976,1789.599976,0,1789.599976
"428","GC=F",2021-09-13,1789.800049,1796,1784,1792,533,1792
"429","GC=F",2021-09-14,1791.400024,1806.199951,1783,1804.699951,764,1804.699951
"430","GC=F",2021-09-15,1803.699951,1803.699951,1792.400024,1792.400024,59,1792.400024
"431","GC=F",2021-09-16,1792.900024,1792.900024,1743.900024,1754.599976,1645,1754.599976
"432","GC=F",2021-09-17,1758.800049,1763,1749.400024,1749.400024,581,1749.400024
"433","GC=F",2021-09-20,1751.800049,1761.800049,1750.900024,1761.800049,185,1761.800049
"434","GC=F",2021-09-21,1762.199951,1776,1759,1776,106,1776
"435","GC=F",2021-09-22,1776.699951,1784.300049,1767,1776.699951,17,1776.699951
"436","GC=F",2021-09-23,1766.800049,1766.800049,1738.199951,1747.699951,31,1747.699951
"437","GC=F",2021-09-24,1749.699951,1749.699951,1745,1749.699951,76,1749.699951
"438","GC=F",2021-09-27,1751.699951,1754.400024,1747.5,1750,808,1750
"439","GC=F",2021-09-28,1739.599976,1741.699951,1726.800049,1735.800049,15748,1735.800049
"440","GC=F",2021-09-29,1732.400024,1744.099976,1721.400024,1721.5,6634,1721.5
"441","GC=F",2021-09-30,1725.5,1760.300049,1724.5,1755.300049,997,1755.300049
"442","GC=F",2021-10-01,1754.300049,1762.599976,1748.5,1757,2220,1757
"443","GC=F",2021-10-04,1764.5,1768.900024,1749.5,1766.199951,417,1766.199951
"444","GC=F",2021-10-05,1764.300049,1764.300049,1749,1759.599976,98,1759.599976
"445","GC=F",2021-10-06,1759.300049,1762.900024,1744.699951,1760.5,56,1760.5
"446","GC=F",2021-10-07,1762.400024,1762.400024,1752.800049,1757.900024,336,1757.900024
"447","GC=F",2021-10-08,1757,1780,1754.199951,1756.300049,254,1756.300049
"448","GC=F",2021-10-11,1756.599976,1757.800049,1752.199951,1754.599976,128,1754.599976
"449","GC=F",2021-10-12,1751.900024,1768,1749.800049,1758.300049,139,1758.300049
"450","GC=F",2021-10-13,1760.800049,1794.5,1760.800049,1793.699951,150,1793.699951
"451","GC=F",2021-10-14,1792.199951,1799.900024,1792,1796.699951,337,1796.699951
"452","GC=F",2021-10-15,1794.5,1795.400024,1766.599976,1767.199951,874,1767.199951
"453","GC=F",2021-10-18,1761.599976,1770.099976,1759.5,1764.800049,266,1764.800049
"454","GC=F",2021-10-19,1777.599976,1785,1767.5,1769.699951,51,1769.699951
"455","GC=F",2021-10-20,1774.599976,1785.599976,1774,1784.099976,127,1784.099976
"456","GC=F",2021-10-21,1782,1785.699951,1781,1781.199951,146,1781.199951
"457","GC=F",2021-10-22,1787.099976,1806.900024,1784,1795.5,532,1795.5
"458","GC=F",2021-10-25,1794.300049,1809,1794,1806,140,1806
"459","GC=F",2021-10-26,1808.800049,1808.800049,1788.599976,1792.699951,359,1792.699951
"460","GC=F",2021-10-27,1791.5,1798.099976,1791.5,1797.900024,543,1797.900024
"461","GC=F",2021-10-28,1795.5,1807.300049,1795.5,1801.599976,452,1801.599976
"462","GC=F",2021-10-29,1793.099976,1797,1774.599976,1783,583,1783
"463","GC=F",2021-11-01,1787.5,1795.099976,1786.699951,1795.099976,142,1795.099976
"464","GC=F",2021-11-02,1790.5,1795.5,1787.699951,1788.699951,213,1788.699951
"465","GC=F",2021-11-03,1768,1768,1761.800049,1763.599976,108,1763.599976
"466","GC=F",2021-11-04,1776.599976,1798.199951,1776.199951,1793,103,1793
"467","GC=F",2021-11-05,1794.900024,1817.099976,1794.900024,1816.400024,239,1816.400024
"468","GC=F",2021-11-08,1817,1827.400024,1816.900024,1827.400024,261,1827.400024
"469","GC=F",2021-11-09,1826.099976,1832.699951,1820.699951,1830.199951,170,1830.199951
"470","GC=F",2021-11-10,1825.800049,1865,1824.900024,1847.599976,795,1847.599976
"471","GC=F",2021-11-11,1853.900024,1866.5,1853.900024,1863.199951,292,1863.199951
"472","GC=F",2021-11-12,1860.800049,1867.900024,1847.599976,1867.900024,210,1867.900024
"473","GC=F",2021-11-15,1864.5,1866.900024,1864.5,1866.099976,87,1866.099976
"474","GC=F",2021-11-16,1853.599976,1853.599976,1853.599976,1853.599976,1,1853.599976
"475","GC=F",2021-11-17,1862.599976,1869.699951,1862.599976,1869.699951,2,1869.699951
"476","GC=F",2021-11-18,1861,1861,1861,1861,9,1861
"477","GC=F",2021-11-19,1851.199951,1851.199951,1851.199951,1851.199951,21,1851.199951
"478","GC=F",2021-11-22,1841.599976,1841.599976,1805.699951,1806,14,1806
"479","GC=F",2021-11-23,1795.5,1795.5,1783.5,1783.5,264,1783.5
"480","GC=F",2021-11-24,1793,1793,1781.400024,1784.099976,188,1784.099976
"481","GC=F",2021-11-25,1791.099976,1791.400024,1791.099976,1791.400024,188,1791.400024
"482","GC=F",2021-11-26,1791.099976,1791.400024,1785.300049,1785.300049,186800,1785.300049
"483","GC=F",2021-11-29,1791.699951,1798.900024,1779.099976,1782.300049,26926,1782.300049
"484","GC=F",2021-11-30,1783.900024,1808.099976,1768.699951,1773.599976,4903,1773.599976
